quantile,mean_forward_return
q1,0.015235436312448117
q2,0.01630812423995787
q3,0.02238692315794241
q4,0.021561469753528902
q5,0.023826378671879683
