year,rank_ic
2019,0.048960239753140476
2020,0.04673094454501579
2021,-0.004859189368692176
